Workbook

Sheet ตั้งค่า
A1: ตั้งค่าราคาและค่าธรรมเนียม
A2: ช่องตัวเลขสีน้ำเงินพื้นเหลือง = แก้ได้ · ค่าตั้งต้นมาจากเว็บคำนวณต้นทุนต่อเตียง (ค่าธรรมเนียมเป็นค่าประมาณ ควรแก้ตามใบเสนอราคาจริงของธนาคาร)
A4: ราคาค่าห้องต่อเดือน (บาท)
A5: แบบจ่าย | B5: จ่ายครั้งละ (เดือน) | C5: ห้องรวม 6 เตียง | D5: ห้องรวม 4 เตียง
A6: รายเดือน | B6: 1 | C6: 25000 | D6: 27000
A7: ล่วงหน้า 3 เดือน | B7: 3 | C7: 23500 | D7: 25500
A8: ล่วงหน้า 6 เดือน | B8: 6 | C8: 22500 | D8: 24500
A9: โปรเปิดศูนย์ | B9: 3 | C9: 19900 | D9: 19900 | E9: โปรจ่ายล่วงหน้า 3 เดือน · หลังหมดโปรใช้ราคาปกติ
A12: ค่าดูแลเพิ่ม (บาท/เดือน)
A13: ประเภท | B13: บาท/เดือน
A14: ไม่มี | B14: 0
A15: ติดเตียง | B15: 4000
A16: ติดเตียงมีสาย | B16: 6000
A18: ค่าธรรมเนียมที่ร้านจ่าย
A19: วิธีจ่าย | B19: % ของยอด (ก่อน VAT)
A20: โอน / เงินสด | B20: 0
A21: รูดบัตรเครดิต | B21: 0.016 | C21: MDR เช่น กสิกรไทย บัตรในประเทศทั่วไป 1.60% (kasikornbank.com)
A22: ผ่อน 0% 3 เดือน | B22: 0.03 | C22: ผ่อน 0%: ค่าประมาณช่วงที่พบในตลาด ร้านเป็นคนออกดอกเบี้ย
A23: ผ่อน 0% 6 เดือน | B23: 0.05
A24: ผ่อน 0% 10 เดือน | B24: 0.07
A26: VAT ของค่าธรรมเนียม | B26: 0.07 | C26: ธนาคารเก็บ VAT 7% ของค่าธรรมเนียม

Sheet จ่ายรายคน
A1: การจ่ายเงินรายคน · 10 เตียง
A2: กรอกเฉพาะช่องพื้นเหลือง (ชื่อ ห้อง แบบจ่าย ค่าดูแล วิธีจ่าย) ที่เหลือคำนวณเอง · ตัวอย่างใส่ไว้ให้แล้ว แก้ทับได้ · ลบแบบจ่ายออก = เตียงว่าง
A4: เตียง | B4: ชื่อผู้พัก | C4: ห้อง | D4: แบบจ่าย | E4: ค่าห้อง / เดือน | F4: จ่ายครั้งละ (เดือน) | G4: ยอดค่าห้องต่อครั้ง | H4: ค่าดูแล | I4: ค่าดูแล / เดือน | J4: วิธีจ่าย | K4: % ที่ร้านจ่าย | L4: ค่าธรรมเนียมค่าห้อง ต่อครั้ง (รวม VAT) | M4: ค่าธรรมเนียมค่าดูแล / เดือน (รวม VAT) | N4: ค่าธรรมเนียมเฉลี่ย / เดือน | O4: รายรับ / เดือน | P4: รับสุทธิ / เดือน | Q4: เงินเข้าครั้งแรก (หักค่าธรรมเนียมแล้ว) | R4: หมายเหตุ
A5: 1 | C5: ห้องรวม 6 เตียง | D5: โปรเปิดศูนย์ | E5: =IF($D5="","",IFERROR(INDEX(ตั้งค่า!$C$6:$D$9,MATCH(D5,ตั้งค่า!$A$6:$A$9,0),MATCH(C5,ตั้งค่า!$C$5:$D$5,0)),0)) -> 19900 | F5: =IF($D5="","",IFERROR(INDEX(ตั้งค่า!$B$6:$B$9,MATCH(D5,ตั้งค่า!$A$6:$A$9,0)),1)) -> 3 | G5: =IF($D5="","",E5*F5) -> 59700 | H5: ไม่มี | I5: =IF($D5="","",IFERROR(INDEX(ตั้งค่า!$B$14:$B$16,MATCH(H5,ตั้งค่า!$A$14:$A$16,0)),0)) -> 0 | J5: ผ่อน 0% 3 เดือน | K5: =IF($D5="","",IF(AND(F5=1,LEFT(J5,4)="ผ่อน"),ตั้งค่า!$B$21,IFERROR(INDEX(ตั้งค่า!$B$20:$B$24,MATCH(J5,ตั้งค่า!$A$20:$A$24,0)),0))) -> 0.03 | L5: =IF($D5="","",G5*K5*(1+ตั้งค่า!$B$26)) -> 1916.37 | M5: =IF($D5="","",IF(J5="โอน / เงินสด",0,I5*ตั้งค่า!$B$21*(1+ตั้งค่า!$B$26))) -> 0 | N5: =IF($D5="","",L5/F5+M5) -> 638.79 | O5: =IF($D5="","",E5+I5) -> 19900 | P5: =IF($D5="","",O5-N5) -> 19261.21 | Q5: =IF($D5="","",G5+I5-L5-M5) -> 57783.63 | R5: =IF($D5="","",IF(AND(F5=1,LEFT(J5,4)="ผ่อน"),"จ่ายรายเดือนผ่อนไม่ได้ คิดเป็นรูดบัตร",""))
A6: 2 | C6: ห้องรวม 6 เตียง | D6: โปรเปิดศูนย์ | E6: =IF($D6="","",IFERROR(INDEX(ตั้งค่า!$C$6:$D$9,MATCH(D6,ตั้งค่า!$A$6:$A$9,0),MATCH(C6,ตั้งค่า!$C$5:$D$5,0)),0)) -> 19900 | F6: =IF($D6="","",IFERROR(INDEX(ตั้งค่า!$B$6:$B$9,MATCH(D6,ตั้งค่า!$A$6:$A$9,0)),1)) -> 3 | G6: =IF($D6="","",E6*F6) -> 59700 | H6: ติดเตียง | I6: =IF($D6="","",IFERROR(INDEX(ตั้งค่า!$B$14:$B$16,MATCH(H6,ตั้งค่า!$A$14:$A$16,0)),0)) -> 4000 | J6: โอน / เงินสด | K6: =IF($D6="","",IF(AND(F6=1,LEFT(J6,4)="ผ่อน"),ตั้งค่า!$B$21,IFERROR(INDEX(ตั้งค่า!$B$20:$B$24,MATCH(J6,ตั้งค่า!$A$20:$A$24,0)),0))) -> 0 | L6: =IF($D6="","",G6*K6*(1+ตั้งค่า!$B$26)) -> 0 | M6: =IF($D6="","",IF(J6="โอน / เงินสด",0,I6*ตั้งค่า!$B$21*(1+ตั้งค่า!$B$26))) -> 0 | N6: =IF($D6="","",L6/F6+M6) -> 0 | O6: =IF($D6="","",E6+I6) -> 23900 | P6: =IF($D6="","",O6-N6) -> 23900 | Q6: =IF($D6="","",G6+I6-L6-M6) -> 63700 | R6: =IF($D6="","",IF(AND(F6=1,LEFT(J6,4)="ผ่อน"),"จ่ายรายเดือนผ่อนไม่ได้ คิดเป็นรูดบัตร",""))
A7: 3 | C7: ห้องรวม 6 เตียง | D7: โปรเปิดศูนย์ | E7: =IF($D7="","",IFERROR(INDEX(ตั้งค่า!$C$6:$D$9,MATCH(D7,ตั้งค่า!$A$6:$A$9,0),MATCH(C7,ตั้งค่า!$C$5:$D$5,0)),0)) -> 19900 | F7: =IF($D7="","",IFERROR(INDEX(ตั้งค่า!$B$6:$B$9,MATCH(D7,ตั้งค่า!$A$6:$A$9,0)),1)) -> 3 | G7: =IF($D7="","",E7*F7) -> 59700 | H7: ไม่มี | I7: =IF($D7="","",IFERROR(INDEX(ตั้งค่า!$B$14:$B$16,MATCH(H7,ตั้งค่า!$A$14:$A$16,0)),0)) -> 0 | J7: รูดบัตรเครดิต | K7: =IF($D7="","",IF(AND(F7=1,LEFT(J7,4)="ผ่อน"),ตั้งค่า!$B$21,IFERROR(INDEX(ตั้งค่า!$B$20:$B$24,MATCH(J7,ตั้งค่า!$A$20:$A$24,0)),0))) -> 0.016 | L7: =IF($D7="","",G7*K7*(1+ตั้งค่า!$B$26)) -> 1022.064 | M7: =IF($D7="","",IF(J7="โอน / เงินสด",0,I7*ตั้งค่า!$B$21*(1+ตั้งค่า!$B$26))) -> 0 | N7: =IF($D7="","",L7/F7+M7) -> 340.688 | O7: =IF($D7="","",E7+I7) -> 19900 | P7: =IF($D7="","",O7-N7) -> 19559.312 | Q7: =IF($D7="","",G7+I7-L7-M7) -> 58677.936 | R7: =IF($D7="","",IF(AND(F7=1,LEFT(J7,4)="ผ่อน"),"จ่ายรายเดือนผ่อนไม่ได้ คิดเป็นรูดบัตร",""))
A8: 4 | C8: ห้องรวม 6 เตียง | D8: ล่วงหน้า 3 เดือน | E8: =IF($D8="","",IFERROR(INDEX(ตั้งค่า!$C$6:$D$9,MATCH(D8,ตั้งค่า!$A$6:$A$9,0),MATCH(C8,ตั้งค่า!$C$5:$D$5,0)),0)) -> 23500 | F8: =IF($D8="","",IFERROR(INDEX(ตั้งค่า!$B$6:$B$9,MATCH(D8,ตั้งค่า!$A$6:$A$9,0)),1)) -> 3 | G8: =IF($D8="","",E8*F8) -> 70500 | H8: ไม่มี | I8: =IF($D8="","",IFERROR(INDEX(ตั้งค่า!$B$14:$B$16,MATCH(H8,ตั้งค่า!$A$14:$A$16,0)),0)) -> 0 | J8: โอน / เงินสด | K8: =IF($D8="","",IF(AND(F8=1,LEFT(J8,4)="ผ่อน"),ตั้งค่า!$B$21,IFERROR(INDEX(ตั้งค่า!$B$20:$B$24,MATCH(J8,ตั้งค่า!$A$20:$A$24,0)),0))) -> 0 | L8: =IF($D8="","",G8*K8*(1+ตั้งค่า!$B$26)) -> 0 | M8: =IF($D8="","",IF(J8="โอน / เงินสด",0,I8*ตั้งค่า!$B$21*(1+ตั้งค่า!$B$26))) -> 0 | N8: =IF($D8="","",L8/F8+M8) -> 0 | O8: =IF($D8="","",E8+I8) -> 23500 | P8: =IF($D8="","",O8-N8) -> 23500 | Q8: =IF($D8="","",G8+I8-L8-M8) -> 70500 | R8: =IF($D8="","",IF(AND(F8=1,LEFT(J8,4)="ผ่อน"),"จ่ายรายเดือนผ่อนไม่ได้ คิดเป็นรูดบัตร",""))
A9: 5 | C9: ห้องรวม 6 เตียง | D9: ล่วงหน้า 3 เดือน | E9: =IF($D9="","",IFERROR(INDEX(ตั้งค่า!$C$6:$D$9,MATCH(D9,ตั้งค่า!$A$6:$A$9,0),MATCH(C9,ตั้งค่า!$C$5:$D$5,0)),0)) -> 23500 | F9: =IF($D9="","",IFERROR(INDEX(ตั้งค่า!$B$6:$B$9,MATCH(D9,ตั้งค่า!$A$6:$A$9,0)),1)) -> 3 | G9: =IF($D9="","",E9*F9) -> 70500 | H9: ติดเตียง | I9: =IF($D9="","",IFERROR(INDEX(ตั้งค่า!$B$14:$B$16,MATCH(H9,ตั้งค่า!$A$14:$A$16,0)),0)) -> 4000 | J9: ผ่อน 0% 3 เดือน | K9: =IF($D9="","",IF(AND(F9=1,LEFT(J9,4)="ผ่อน"),ตั้งค่า!$B$21,IFERROR(INDEX(ตั้งค่า!$B$20:$B$24,MATCH(J9,ตั้งค่า!$A$20:$A$24,0)),0))) -> 0.03 | L9: =IF($D9="","",G9*K9*(1+ตั้งค่า!$B$26)) -> 2263.05 | M9: =IF($D9="","",IF(J9="โอน / เงินสด",0,I9*ตั้งค่า!$B$21*(1+ตั้งค่า!$B$26))) -> 68.48 | N9: =IF($D9="","",L9/F9+M9) -> 822.83 | O9: =IF($D9="","",E9+I9) -> 27500 | P9: =IF($D9="","",O9-N9) -> 26677.17 | Q9: =IF($D9="","",G9+I9-L9-M9) -> 72168.47 | R9: =IF($D9="","",IF(AND(F9=1,LEFT(J9,4)="ผ่อน"),"จ่ายรายเดือนผ่อนไม่ได้ คิดเป็นรูดบัตร",""))
A10: 6 | C10: ห้องรวม 6 เตียง | D10: รายเดือน | E10: =IF($D10="","",IFERROR(INDEX(ตั้งค่า!$C$6:$D$9,MATCH(D10,ตั้งค่า!$A$6:$A$9,0),MATCH(C10,ตั้งค่า!$C$5:$D$5,0)),0)) -> 25000 | F10: =IF($D10="","",IFERROR(INDEX(ตั้งค่า!$B$6:$B$9,MATCH(D10,ตั้งค่า!$A$6:$A$9,0)),1)) -> 1 | G10: =IF($D10="","",E10*F10) -> 25000 | H10: ไม่มี | I10: =IF($D10="","",IFERROR(INDEX(ตั้งค่า!$B$14:$B$16,MATCH(H10,ตั้งค่า!$A$14:$A$16,0)),0)) -> 0 | J10: รูดบัตรเครดิต | K10: =IF($D10="","",IF(AND(F10=1,LEFT(J10,4)="ผ่อน"),ตั้งค่า!$B$21,IFERROR(INDEX(ตั้งค่า!$B$20:$B$24,MATCH(J10,ตั้งค่า!$A$20:$A$24,0)),0))) -> 0.016 | L10: =IF($D10="","",G10*K10*(1+ตั้งค่า!$B$26)) -> 428 | M10: =IF($D10="","",IF(J10="โอน / เงินสด",0,I10*ตั้งค่า!$B$21*(1+ตั้งค่า!$B$26))) -> 0 | N10: =IF($D10="","",L10/F10+M10) -> 428 | O10: =IF($D10="","",E10+I10) -> 25000 | P10: =IF($D10="","",O10-N10) -> 24572 | Q10: =IF($D10="","",G10+I10-L10-M10) -> 24572 | R10: =IF($D10="","",IF(AND(F10=1,LEFT(J10,4)="ผ่อน"),"จ่ายรายเดือนผ่อนไม่ได้ คิดเป็นรูดบัตร",""))
A11: 7 | C11: ห้องรวม 4 เตียง | D11: ล่วงหน้า 6 เดือน | E11: =IF($D11="","",IFERROR(INDEX(ตั้งค่า!$C$6:$D$9,MATCH(D11,ตั้งค่า!$A$6:$A$9,0),MATCH(C11,ตั้งค่า!$C$5:$D$5,0)),0)) -> 24500 | F11: =IF($D11="","",IFERROR(INDEX(ตั้งค่า!$B$6:$B$9,MATCH(D11,ตั้งค่า!$A$6:$A$9,0)),1)) -> 6 | G11: =IF($D11="","",E11*F11) -> 147000 | H11: ไม่มี | I11: =IF($D11="","",IFERROR(INDEX(ตั้งค่า!$B$14:$B$16,MATCH(H11,ตั้งค่า!$A$14:$A$16,0)),0)) -> 0 | J11: ผ่อน 0% 6 เดือน | K11: =IF($D11="","",IF(AND(F11=1,LEFT(J11,4)="ผ่อน"),ตั้งค่า!$B$21,IFERROR(INDEX(ตั้งค่า!$B$20:$B$24,MATCH(J11,ตั้งค่า!$A$20:$A$24,0)),0))) -> 0.05 | L11: =IF($D11="","",G11*K11*(1+ตั้งค่า!$B$26)) -> 7864.5 | M11: =IF($D11="","",IF(J11="โอน / เงินสด",0,I11*ตั้งค่า!$B$21*(1+ตั้งค่า!$B$26))) -> 0 | N11: =IF($D11="","",L11/F11+M11) -> 1310.75 | O11: =IF($D11="","",E11+I11) -> 24500 | P11: =IF($D11="","",O11-N11) -> 23189.25 | Q11: =IF($D11="","",G11+I11-L11-M11) -> 139135.5 | R11: =IF($D11="","",IF(AND(F11=1,LEFT(J11,4)="ผ่อน"),"จ่ายรายเดือนผ่อนไม่ได้ คิดเป็นรูดบัตร",""))
A12: 8 | C12: ห้องรวม 4 เตียง | D12: ล่วงหน้า 3 เดือน | E12: =IF($D12="","",IFERROR(INDEX(ตั้งค่า!$C$6:$D$9,MATCH(D12,ตั้งค่า!$A$6:$A$9,0),MATCH(C12,ตั้งค่า!$C$5:$D$5,0)),0)) -> 25500 | F12: =IF($D12="","",IFERROR(INDEX(ตั้งค่า!$B$6:$B$9,MATCH(D12,ตั้งค่า!$A$6:$A$9,0)),1)) -> 3 | G12: =IF($D12="","",E12*F12) -> 76500 | H12: ติดเตียงมีสาย | I12: =IF($D12="","",IFERROR(INDEX(ตั้งค่า!$B$14:$B$16,MATCH(H12,ตั้งค่า!$A$14:$A$16,0)),0)) -> 6000 | J12: โอน / เงินสด | K12: =IF($D12="","",IF(AND(F12=1,LEFT(J12,4)="ผ่อน"),ตั้งค่า!$B$21,IFERROR(INDEX(ตั้งค่า!$B$20:$B$24,MATCH(J12,ตั้งค่า!$A$20:$A$24,0)),0))) -> 0 | L12: =IF($D12="","",G12*K12*(1+ตั้งค่า!$B$26)) -> 0 | M12: =IF($D12="","",IF(J12="โอน / เงินสด",0,I12*ตั้งค่า!$B$21*(1+ตั้งค่า!$B$26))) -> 0 | N12: =IF($D12="","",L12/F12+M12) -> 0 | O12: =IF($D12="","",E12+I12) -> 31500 | P12: =IF($D12="","",O12-N12) -> 31500 | Q12: =IF($D12="","",G12+I12-L12-M12) -> 82500 | R12: =IF($D12="","",IF(AND(F12=1,LEFT(J12,4)="ผ่อน"),"จ่ายรายเดือนผ่อนไม่ได้ คิดเป็นรูดบัตร",""))
A13: 9 | C13: ห้องรวม 4 เตียง | D13: ล่วงหน้า 3 เดือน | E13: =IF($D13="","",IFERROR(INDEX(ตั้งค่า!$C$6:$D$9,MATCH(D13,ตั้งค่า!$A$6:$A$9,0),MATCH(C13,ตั้งค่า!$C$5:$D$5,0)),0)) -> 25500 | F13: =IF($D13="","",IFERROR(INDEX(ตั้งค่า!$B$6:$B$9,MATCH(D13,ตั้งค่า!$A$6:$A$9,0)),1)) -> 3 | G13: =IF($D13="","",E13*F13) -> 76500 | H13: ไม่มี | I13: =IF($D13="","",IFERROR(INDEX(ตั้งค่า!$B$14:$B$16,MATCH(H13,ตั้งค่า!$A$14:$A$16,0)),0)) -> 0 | J13: โอน / เงินสด | K13: =IF($D13="","",IF(AND(F13=1,LEFT(J13,4)="ผ่อน"),ตั้งค่า!$B$21,IFERROR(INDEX(ตั้งค่า!$B$20:$B$24,MATCH(J13,ตั้งค่า!$A$20:$A$24,0)),0))) -> 0 | L13: =IF($D13="","",G13*K13*(1+ตั้งค่า!$B$26)) -> 0 | M13: =IF($D13="","",IF(J13="โอน / เงินสด",0,I13*ตั้งค่า!$B$21*(1+ตั้งค่า!$B$26))) -> 0 | N13: =IF($D13="","",L13/F13+M13) -> 0 | O13: =IF($D13="","",E13+I13) -> 25500 | P13: =IF($D13="","",O13-N13) -> 25500 | Q13: =IF($D13="","",G13+I13-L13-M13) -> 76500 | R13: =IF($D13="","",IF(AND(F13=1,LEFT(J13,4)="ผ่อน"),"จ่ายรายเดือนผ่อนไม่ได้ คิดเป็นรูดบัตร",""))
A14: 10 | C14: ห้องรวม 4 เตียง | D14: รายเดือน | E14: =IF($D14="","",IFERROR(INDEX(ตั้งค่า!$C$6:$D$9,MATCH(D14,ตั้งค่า!$A$6:$A$9,0),MATCH(C14,ตั้งค่า!$C$5:$D$5,0)),0)) -> 27000 | F14: =IF($D14="","",IFERROR(INDEX(ตั้งค่า!$B$6:$B$9,MATCH(D14,ตั้งค่า!$A$6:$A$9,0)),1)) -> 1 | G14: =IF($D14="","",E14*F14) -> 27000 | H14: ไม่มี | I14: =IF($D14="","",IFERROR(INDEX(ตั้งค่า!$B$14:$B$16,MATCH(H14,ตั้งค่า!$A$14:$A$16,0)),0)) -> 0 | J14: โอน / เงินสด | K14: =IF($D14="","",IF(AND(F14=1,LEFT(J14,4)="ผ่อน"),ตั้งค่า!$B$21,IFERROR(INDEX(ตั้งค่า!$B$20:$B$24,MATCH(J14,ตั้งค่า!$A$20:$A$24,0)),0))) -> 0 | L14: =IF($D14="","",G14*K14*(1+ตั้งค่า!$B$26)) -> 0 | M14: =IF($D14="","",IF(J14="โอน / เงินสด",0,I14*ตั้งค่า!$B$21*(1+ตั้งค่า!$B$26))) -> 0 | N14: =IF($D14="","",L14/F14+M14) -> 0 | O14: =IF($D14="","",E14+I14) -> 27000 | P14: =IF($D14="","",O14-N14) -> 27000 | Q14: =IF($D14="","",G14+I14-L14-M14) -> 27000 | R14: =IF($D14="","",IF(AND(F14=1,LEFT(J14,4)="ผ่อน"),"จ่ายรายเดือนผ่อนไม่ได้ คิดเป็นรูดบัตร",""))
A15: รวม | E15: =SUM(E5:E14) -> 234200 | G15: =SUM(G5:G14) -> 672100 | I15: =SUM(I5:I14) -> 14000 | L15: =SUM(L5:L14) -> 13493.984 | M15: =SUM(M5:M14) -> 68.48 | N15: =SUM(N5:N14) -> 3541.058 | O15: =SUM(O5:O14) -> 248200 | P15: =SUM(P5:P14) -> 244658.94 | Q15: =SUM(Q5:Q14) -> 672537.54
A18: สรุป
A19: ผู้พัก (คน) | D19: =COUNTIF(D5:D14,"?*") -> 10
A20: จ่ายโอน / เงินสด (คน) | D20: =COUNTIFS(D5:D14,"?*",J5:J14,"โอน / เงินสด") -> 5
A21: รูดบัตรเครดิต (คน) | D21: =COUNTIFS(D5:D14,"?*",J5:J14,"รูดบัตรเครดิต") -> 2
A22: ผ่อน 0% (คน) | D22: =COUNTIFS(D5:D14,"?*",J5:J14,"ผ่อน*") -> 3
A23: รายรับรวม / เดือน (บาท) | D23: =O15 -> 248200
A24: ค่าธรรมเนียมเฉลี่ย / เดือน (บาท) | D24: =N15 -> 3541.058
A25: ค่าธรรมเนียม % ของรายรับ | D25: =IF(O15=0,0,N15/O15) -> 0.014266954
A26: รับสุทธิ / เดือน (บาท) | D26: =P15 -> 244658.94
A27: ค่าธรรมเนียมทั้งปี โดยประมาณ (บาท) | D27: =N15*12 -> 42492.696
A28: เงินเข้าครั้งแรกรวม (บาท) | D28: =Q15 -> 672537.54
A30: วิธีคิด
A31: • ค่าห้อง / เดือน และจ่ายครั้งละกี่เดือน ดึงจากชีต "ตั้งค่า" ตามห้องและแบบจ่าย
A32: • ค่าธรรมเนียมค่าห้องต่อครั้ง = ยอดค่าห้องต่อครั้ง × % ที่ร้านจ่าย × (1 + VAT 7%) · จ่ายล่วงหน้าโดนหักครั้งเดียวจากยอดทั้งก้อน
A33: • ค่าดูแลเก็บรายเดือน: ถ้าคนนั้นรูดบัตรหรือผ่อน คิดค่าดูแลเป็นรูดบัตร (MDR) ทุกเดือน ถ้าโอน/เงินสด ไม่มีค่าธรรมเนียม
A34: • ค่าธรรมเนียมเฉลี่ย / เดือน = ค่าธรรมเนียมค่าห้องต่อครั้ง ÷ จำนวนเดือน + ค่าธรรมเนียมค่าดูแล / เดือน
A35: • คนที่จ่ายรายเดือนเลือกผ่อน 0% ไม่ได้ ถ้าเลือกไว้ ตารางจะคิดเป็นรูดบัตรและขึ้นหมายเหตุ
A36: • แพมเพิร์ส ค่าเวชภัณฑ์ และยา เก็บตามใช้จริง ไม่ได้รวมในตารางนี้
